-- BRANCH Data

INSERT INTO BRANCH (BRANCH_ID, CITY, STATE, CONTACT) VALUES 
('BRAN000001', 'New York City', 'New York', 1234567890),
('BRAN000002', 'Los Angeles', 'California', 2345678901),
('BRAN000003', 'Chicago', 'Illinois', 3456789012),
('BRAN000004', 'Houston', 'Texas', 4567890123),
('BRAN000005', 'Miami', 'Florida', 5678901234),
('BRAN000006', 'Seattle', 'Washington', 6789012345),
('BRAN000007', 'San Francisco', 'California', 7890123456),
('BRAN000008', 'Boston', 'Massachusetts', 8901234567),
('BRAN000009', 'Atlanta', 'Georgia', 9012345678),
('BRAN000010', 'Denver', 'Colorado', 1234567890);

SELECT * FROM BRANCH;

-- VEHICLE DATA
INSERT INTO VEHICLE (VEHICLE_ID, COST, MODEL, TYPE, YEAR, BRAND, BRANCH_ID) VALUES 
('VEH1234567', 38.00, 'Civic', 'Sedan', 2018, 'Honda', 'BRAN000001'),
('VEH2345678', 42.00, 'Accord', 'Sedan', 2020, 'Honda', 'BRAN000001'),
('VEH3455678', 40.00, 'Corolla', 'Sedan', 2019, 'Toyota', 'BRAN000002'),
('VEH4565678', 32.00, 'Camry', 'Sedan', 2021, 'Toyota', 'BRAN000002'),
('VEH5675678', 32.00, 'Sentra', 'Sedan', 2017, 'Nissan', 'BRAN000003'),
('VEH6785678', 35.00, 'Altima', 'Sedan', 2019, 'Nissan', 'BRAN000003'),
('VEH7895678', 30.00, 'Fusion', 'Sedan', 2018, 'Ford', 'BRAN000004'),
('VEH8905678', 57.00, 'Mustang', 'Sports Car', 2020, 'Ford', 'BRAN000004'),
('VEH9015678', 55.00, 'Camaro', 'Sports Car', 2021, 'Chevrolet', 'BRAN000005'),
('VEH0125678', 60.00, 'Charger', 'Sports Car', 2019, 'Dodge', 'BRAN000005'),
('VEH1234569', 40.00, 'Corolla', 'Sedan', 2017, 'Toyota', 'BRAN000006'),
('VEH2345679', 32.00, 'Camry', 'Sedan', 2019, 'Toyota', 'BRAN000006'),
('VEH3455679', 30.00, 'Fusion', 'Sedan', 2018, 'Ford', 'BRAN000007'),
('VEH4565679', 57.00, 'Mustang', 'Sports Car', 2020, 'Ford', 'BRAN000007'),
('VEH5675679', 55.00, 'Camaro', 'Sports Car', 2021, 'Chevrolet', 'BRAN000008'),
('VEH6785679', 60.00, 'Charger', 'Sports Car', 2019, 'Dodge', 'BRAN000008'),
('VEH7895679', 38.00, 'Civic', 'Sedan', 2018, 'Honda', 'BRAN000009'),
('VEH8905679', 42.00, 'Accord', 'Sedan', 2020, 'Honda', 'BRAN000009'),
('VEH9015679', 35.00, 'Altima', 'Sedan', 2019, 'Nissan', 'BRAN000010'),
('VEH0125679', 32.00, 'Sentra', 'Sedan', 2017, 'Nissan', 'BRAN000010');

INSERT INTO VEHICLE (VEHICLE_ID, COST, MODEL, TYPE, YEAR, BRAND, BRANCH_ID) VALUES 
('VEH1234560', 55.00, 'Explorer', 'SUV', 2020, 'Ford', 'BRAN000001'),
('VEH2345670', 47.00, 'Tahoe', 'SUV', 2021, 'Chevrolet', 'BRAN000001'),
('VEH3455670', 58.00, 'Highlander', 'SUV', 2019, 'Toyota', 'BRAN000002'),
('VEH4565670', 46.00, 'Pilot', 'SUV', 2020, 'Honda', 'BRAN000002'),
('VEH5675670', 58.00, 'Grand Cherokee', 'SUV', 2021, 'Jeep', 'BRAN000003'),
('VEH6785670', 49.00, 'Escape', 'SUV', 2019, 'Ford', 'BRAN000003'),
('VEH7895670', 45.00, 'CX-5', 'SUV', 2020, 'Mazda', 'BRAN000004'),
('VEH8905670', 47.00, 'Tucson', 'SUV', 2019, 'Hyundai', 'BRAN000004'),
('VEH9015670', 50.00, 'Rav4', 'SUV', 2018, 'Toyota', 'BRAN000005'),
('VEH0125670', 55.00, 'Santa Fe', 'SUV', 2021, 'Hyundai', 'BRAN000005'),
('VEH1235671', 55.00, 'Explorer', 'SUV', 2020, 'Ford', 'BRAN000006'),
('VEH2345671', 47.00, 'Tahoe', 'SUV', 2021, 'Chevrolet', 'BRAN000006'),
('VEH3455671', 58.00, 'Highlander', 'SUV', 2019, 'Toyota', 'BRAN000007'),
('VEH4565671', 46.00, 'Pilot', 'SUV', 2020, 'Honda', 'BRAN000007'),
('VEH5675671', 48.00, 'Grand Cherokee', 'SUV', 2021, 'Jeep', 'BRAN000008'),
('VEH6785671', 49.00, 'Escape', 'SUV', 2019, 'Ford', 'BRAN000008'),
('VEH7895671', 45.00, 'CX-5', 'SUV', 2020, 'Mazda', 'BRAN000009'),
('VEH8905671', 47.00, 'Tucson', 'SUV', 2019, 'Hyundai', 'BRAN000009'),
('VEH9015671', 50.00, 'Rav4', 'SUV', 2018, 'Toyota', 'BRAN000010'),
('VEH0125671', 55.00, 'Santa Fe', 'SUV', 2021, 'Hyundai', 'BRAN000010');

SELECT COUNT(*) FROM VEHICLE;

-- INSURANCE DATA
delete from insurance;

INSERT INTO INSURANCE (INSURANCE_ID, INSURANCE_TYPE, DESCRIPTION, COST) VALUES 
('INS0000001', 'Basic', 'Provides basic coverage for damages and injuries.', 50.00),
('INS0000002', 'Comprehensive', 'Offers coverage for various damages not caused by a collision, such as theft, vandalism, or natural disasters.', 100.00),
('INS0000003', 'Collision', 'Covers damages resulting from a collision with another vehicle or object.', 75.00),
('INS0000004', 'Liability', 'Provides coverage for bodily injury and property damage caused by the insured.', 90.00),
('INS0000005', 'Medical Payments', 'Covers medical expenses for injuries sustained by the insured and their passengers.', 60.00),
('INS0000006', 'Comprehensive Deductible', 'The deductible amount for comprehensive coverage, which applies to non-collision-related damages.', 95.00),
('INS0000007', 'Personal Injury Protection', 'Provides coverage for medical expenses and lost wages regardless of fault in an accident.', 90.00),
('INS0000008', 'Rental Reimbursement', 'Reimburses the insured for rental car expenses while their vehicle is being repaired due to a covered accident.', 65.00),
('INS0000009', 'Gap Insurance', 'Covers the difference between the actual cash value of a vehicle and the amount owed on a loan or lease in case of a total loss.', 85.00),
('INS0000010', 'Roadside Assistance', 'Offers assistance for common roadside emergencies such as towing, flat tires, or battery jump-starts.', 55.00),
('INS0000011', 'Property Damage Liability', 'Provides coverage for damages to another person\'s property caused by the insured.', 75.00),
('INS0000012', 'Bodily Injury Liability', 'Covers expenses related to bodily injury or death caused by the insured in an accident.', 60.00);

SELECT * FROM INSURANCE;

-- CUSTOMER DATA

-- DELETE FROM CUSTOMER; -- CLEARS THE TABLE CONTENT

INSERT INTO CUSTOMER (LICENSE, CONTACT, EMAIL, FIRST_NAME, LAST_NAME) VALUES 
('LIC1234567', 1234567890, 'john.doe@example.com', 'John', 'Doe'),
('LIC2345678', 8876543210, 'jane.smith@example.com', 'Jane', 'Smith'),
('LIC3456789', 5551234567, 'michael.jackson@example.com', 'Michael', 'Jackson'),
('LIC4567890', 9998887776, 'maria.garcia@example.com', 'Maria', 'Garcia'),
('LIC5678901', 1235556789, 'james.brown@example.com', 'James', 'Brown'),
('LIC6789012', 7779998888, 'emma.johnson@example.com', 'Emma', 'Johnson'),
('LIC7890123', 8884445555, 'william.wilson@example.com', 'William', 'Wilson'),
('LIC8901234', 6667778888, 'olivia.miller@example.com', 'Olivia', 'Miller'),
('LIC9012345', 3332221111, 'alexander.moore@example.com', 'Alexander', 'Moore'),
('LIC0123456', 2223334444, 'sophia.taylor@example.com', 'Sophia', 'Taylor'),
('LIC1122334', 4445556666, 'daniel.anderson@example.com', 'Daniel', 'Anderson'),
('LIC4455667', 5556667777, 'isabella.thomas@example.com', 'Isabella', 'Thomas'),
('LIC3344556', 6667778888, 'matthew.jackson@example.com', 'Matthew', 'Jackson'),
('LIC5566778', 7778889999, 'emily.white@example.com', 'Emily', 'White'),
('LIC6677889', 8889990000, 'jacob.martinez@example.com', 'Jacob', 'Martinez'),
('LIC7788990', 9990001111, 'ava.thompson@example.com', 'Ava', 'Thompson'),
('LIC8899001', 1112223333, 'mason.garcia@example.com', 'Mason', 'Garcia'),
('LIC9900112', 2223334444, 'abigail.hernandez@example.com', 'Abigail', 'Hernandez'),
('LIC0011223', 3334445555, 'oliver.robinson@example.com', 'Oliver', 'Robinson'),
('LIC0022334', 4445556666, 'sophia.nguyen@example.com', 'Sophia', 'Nguyen');

-- INSERT INTO CUSTOMER (LICENSE, CONTACT, EMAIL, FIRST_NAME, LAST_NAME) VALUES 
-- ('LIC1022334', 5554443333, 'william.brown@example.com', 'William', 'Brown'),
-- ('LIC2233445', 6667778888, 'emma.johnson@example.com', 'Emma', 'Johnson'),
-- ('LIC3444556', 7778889999, 'olivia.davis@example.com', 'Olivia', 'Davis'),
-- ('LIC4555667', 8889990000, 'michael.rodriguez@example.com', 'Michael', 'Rodriguez'),
-- ('LIC5666778', 9990001111, 'sophia.martinez@example.com', 'Sophia', 'Martinez'),
-- ('LIC6777889', 1112223333, 'joseph.hernandez@example.com', 'Joseph', 'Hernandez'),
-- ('LIC7888990', 2223334444, 'emily.lopez@example.com', 'Emily', 'Lopez'),
-- ('LIC8999001', 3334445555, 'mason.gonzalez@example.com', 'Mason', 'Gonzalez'),
-- ('LIC9000112', 4445556666, 'amelia.wilson@example.com', 'Amelia', 'Wilson'),
-- ('LIC0111223', 5556667777, 'oliver.anderson@example.com', 'Oliver', 'Anderson'),
-- ('LIC0222334', 6667778888, 'isabella.thomas@example.com', 'Isabella', 'Thomas'),
-- ('LIC0033445', 7778889999, 'sophia.taylor@example.com', 'Sophia', 'Taylor'),
-- ('LIC0044556', 8889990000, 'daniel.white@example.com', 'Daniel', 'White'),
-- ('LIC0055667', 9990001111, 'ava.martinez@example.com', 'Ava', 'Martinez'),
-- ('LIC0066778', 1112223333, 'alexander.harris@example.com', 'Alexander', 'Harris'),
-- ('LIC0077889', 2223334444, 'mia.clark@example.com', 'Mia', 'Clark'),
-- ('LIC0088990', 3334445555, 'michael.lewis@example.com', 'Michael', 'Lewis'),
-- ('LIC0099001', 4445556666, 'amelia.lewis@example.com', 'Amelia', 'Lewis'),
-- ('LIC0100112', 5556667777, 'olivia.lewis@example.com', 'Olivia', 'Lewis'),
-- ('LIC0112223', 6667778888, 'james.lewis@example.com', 'James', 'Lewis');

SELECT COUNT(*) FROM CUSTOMER;

DELETE FROM RENTAL;

INSERT INTO RENTAL (RENTAL_ID, DROP_BRANCH, PAYMENT_STATUS, TOTAL_PRICE, START_DATE, END_DATE, LICENSE, VEHICLE_ID, BRANCH_ID) VALUES 
('REN0000001', 'Branch 1', 'Paid', NULL, '2024-03-01', '2024-03-07', 'LIC0011223', 'VEH1234560', 'BRAN000001'),
('REN0000002', 'Branch 1', 'Pending', NULL, '2024-03-02', '2024-03-09', 'LIC0022334', 'VEH1234567', 'BRAN000001'),
('REN0000003', 'Branch 2', 'Paid', NULL, '2024-03-05', '2024-03-12', 'LIC0123456', 'VEH2345670', 'BRAN000001'),
('REN0000004', 'Branch 2', 'Pending', NULL, '2024-03-06', '2024-03-13', 'LIC1122334', 'VEH2345678', 'BRAN000001'),
('REN0000005', 'Branch 3', 'Paid', NULL, '2024-03-07', '2024-03-14', 'LIC1234567', 'VEH3455670', 'BRAN000002'),
('REN0000006', 'Branch 3', 'Pending', NULL, '2024-03-10', '2024-03-17', 'LIC2345678', 'VEH3455678', 'BRAN000002'),
('REN0000007', 'Branch 4', 'Paid', NULL, '2024-03-11', '2024-03-18', 'LIC3344556', 'VEH4565670', 'BRAN000002'),
('REN0000008', 'Branch 4', 'Pending', NULL, '2024-03-12', '2024-03-19', 'LIC3456789', 'VEH4565678', 'BRAN000002'),
('REN0000009', 'Branch 5', 'Paid', NULL, '2024-03-15', '2024-03-22', 'LIC4455667', 'VEH5675670', 'BRAN000003'),
('REN0000010', 'Branch 5', 'Pending', NULL, '2024-03-18', '2024-03-25', 'LIC4567890', 'VEH5675678', 'BRAN000003'),
('REN0000011', 'Branch 6', 'Paid', NULL, '2024-03-20', '2024-03-27', 'LIC5566778', 'VEH6785670', 'BRAN000003'),
('REN0000012', 'Branch 6', 'Pending', NULL, '2024-03-22', '2024-03-29', 'LIC5678901', 'VEH6785678', 'BRAN000003'),
('REN0000013', 'Branch 7', 'Paid', NULL, '2024-03-25', '2024-04-01', 'LIC6677889', 'VEH7895670', 'BRAN000004'),
('REN0000014', 'Branch 7', 'Pending', NULL, '2024-03-28', '2024-04-04', 'LIC6789012', 'VEH7895678', 'BRAN000004'),
('REN0000015', 'Branch 8', 'Paid', NULL, '2024-03-30', '2024-04-06', 'LIC7788990', 'VEH8905670', 'BRAN000004'),
('REN0000016', 'Branch 8', 'Pending', NULL, '2024-04-01', '2024-04-08', 'LIC7890123', 'VEH8905678', 'BRAN000004'),
('REN0000017', 'Branch 9', 'Paid', NULL, '2024-04-03', '2024-04-10', 'LIC8899001', 'VEH0125670', 'BRAN000005'),
('REN0000018', 'Branch 9', 'Pending', NULL, '2024-04-06', '2024-04-13', 'LIC8901234', 'VEH0125678', 'BRAN000005'),
('REN0000019', 'Branch 10', 'Paid', NULL, '2024-04-08', '2024-04-15', 'LIC9012345', 'VEH9015670', 'BRAN000005'),
('REN0000020', 'Branch 10', 'Pending', NULL, '2024-04-10', '2024-04-17', 'LIC9900112', 'VEH9015678', 'BRAN000005');


INSERT INTO RENTAL (RENTAL_ID, DROP_BRANCH, PAYMENT_STATUS, TOTAL_PRICE, START_DATE, END_DATE, LICENSE, VEHICLE_ID, BRANCH_ID) VALUES 
('REN0000021', 'Branch 6', 'Paid', NULL, '2024-04-12', '2024-04-19', 'LIC5566778', 'VEH1234569', 'BRAN000006'),
('REN0000022', 'Branch 6', 'Pending', NULL, '2024-04-14', '2024-04-21', 'LIC5678901', 'VEH1235671', 'BRAN000006'),
('REN0000023', 'Branch 6', 'Paid', NULL, '2024-04-16', '2024-04-23', 'LIC6677889', 'VEH2345671', 'BRAN000006'),
('REN0000024', 'Branch 6', 'Pending', NULL, '2024-04-18', '2024-04-25', 'LIC6789012', 'VEH2345679', 'BRAN000006'),
('REN0000025', 'Branch 7', 'Paid', NULL, '2024-04-20', '2024-04-27', 'LIC7788990', 'VEH3455671', 'BRAN000007'),
('REN0000026', 'Branch 7', 'Pending', NULL, '2024-04-22', '2024-04-29', 'LIC7890123', 'VEH3455679', 'BRAN000007'),
('REN0000027', 'Branch 7', 'Paid', NULL, '2024-04-24', '2024-05-01', 'LIC8899001', 'VEH4565671', 'BRAN000007'),
('REN0000028', 'Branch 7', 'Pending', NULL, '2024-04-26', '2024-05-03', 'LIC8901234', 'VEH4565679', 'BRAN000007'),
('REN0000029', 'Branch 8', 'Paid', NULL, '2024-04-28', '2024-05-05', 'LIC9012345', 'VEH5675671', 'BRAN000008'),
('REN0000030', 'Branch 8', 'Pending', NULL, '2024-04-30', '2024-05-07', 'LIC9900112', 'VEH5675679', 'BRAN000008'),
('REN0000031', 'Branch 8', 'Paid', NULL, '2024-05-02', '2024-05-09', 'LIC0011223', 'VEH6785671', 'BRAN000008'),
('REN0000032', 'Branch 8', 'Pending', NULL, '2024-05-04', '2024-05-11', 'LIC0022334', 'VEH6785679', 'BRAN000008'),
('REN0000033', 'Branch 9', 'Paid', NULL, '2024-05-06', '2024-05-13', 'LIC0123456', 'VEH7895671', 'BRAN000009'),
('REN0000034', 'Branch 9', 'Pending', NULL, '2024-05-08', '2024-05-15', 'LIC1122334', 'VEH7895679', 'BRAN000009'),
('REN0000035', 'Branch 9', 'Paid', NULL, '2024-05-10', '2024-05-17', 'LIC1234567', 'VEH8905671', 'BRAN000009'),
('REN0000036', 'Branch 9', 'Pending', NULL, '2024-05-12', '2024-05-19', 'LIC2345678', 'VEH8905679', 'BRAN000009'),
('REN0000037', 'Branch 10', 'Paid', NULL, '2024-05-14', '2024-05-21', 'LIC3344556', 'VEH0125671', 'BRAN000010'),
('REN0000038', 'Branch 10', 'Pending', NULL, '2024-05-16', '2024-05-23', 'LIC3456789', 'VEH0125679', 'BRAN000010'),
('REN0000039', 'Branch 10', 'Paid', NULL, '2024-05-18', '2024-05-25', 'LIC4455667', 'VEH9015671', 'BRAN000010'),
('REN0000040', 'Branch 10', 'Pending', NULL, '2024-05-20', '2024-05-27', 'LIC4567890', 'VEH9015679', 'BRAN000010');

-- REVIEW Data


INSERT INTO REVIEW (RENTAL_ID, RATING, COMMENT) VALUES 
('REN0000001', 8, 'Great experience overall, vehicle was clean and in good condition.'),
('REN0000002', 6, 'Average experience, had some issues with payment.'),
('REN0000003', 9, 'Excellent service, vehicle was ready on time and staff was helpful.'),
('REN0000004', 5, 'Below average experience, vehicle was not properly cleaned.'),
('REN0000005', 7, 'Decent experience, vehicle performed well but had some minor issues.'),
('REN0000006', 8, 'Good service, vehicle was clean and well-maintained.'),
('REN0000007', 9, 'Very satisfied with the rental, smooth process from start to finish.'),
('REN0000008', 4, 'Disappointing experience, vehicle had mechanical problems.'),
('REN0000009', 7, 'Overall good experience, staff was friendly and helpful.'),
('REN0000010', 6, 'Satisfactory service, but vehicle could have been cleaner.'),
('REN0000011', 10, 'Exceptional service, would highly recommend to others.'),
('REN0000012', 9, 'Great rental experience, no complaints whatsoever.'),
('REN0000013', 8, 'Very happy with the rental, would rent again in the future.'),
('REN0000014', 7, 'Good service, but vehicle had some cosmetic issues.'),
('REN0000015', 9, 'Excellent rental service, staff went above and beyond to assist.'),
('REN0000016', 6, 'Average experience, nothing outstanding but no major issues either.'),
('REN0000017', 8, 'Smooth rental process, vehicle was exactly as described.'),
('REN0000018', 5, 'Below average service, encountered problems with pickup.'),
('REN0000019', 9, 'Outstanding service, vehicle was in top condition.'),
('REN0000020', 7, 'Decent rental experience, no major complaints.'),
('REN0000021', 8, 'Great experience overall, staff was professional and courteous.'),
('REN0000022', 6, 'Satisfactory service, but vehicle had some maintenance issues.'),
('REN0000023', 9, 'Very satisfied with the rental, would definitely use again.'),
('REN0000024', 7, 'Good rental experience, but encountered minor issues with booking.'),
('REN0000025', 8, 'Smooth process from booking to return, vehicle performed well.'),
('REN0000026', 5, 'Disappointed with the rental, vehicle was not properly maintained.'),
('REN0000027', 9, 'Exceptional service, staff was friendly and accommodating.'),
('REN0000028', 7, 'Overall satisfied with the rental, but encountered some delays.'),
('REN0000029', 8, 'Great experience, vehicle was clean and well-equipped.'),
('REN0000030', 6, 'Average service, encountered some issues with billing.'),
('REN0000031', 9, 'Very happy with the rental, exceeded expectations.'),
('REN0000032', 8, 'Good service overall, staff was helpful and responsive.'),
('REN0000033', 7, 'Satisfactory experience, no major complaints.'),
('REN0000034', 5, 'Below average rental, vehicle had issues with performance.'),
('REN0000035', 9, 'Excellent service, vehicle was in excellent condition.'),
('REN0000036', 7, 'Decent rental experience, but encountered some communication issues.'),
('REN0000037', 8, 'Smooth process from start to finish, no complaints.'),
('REN0000038', 6, 'Average rental experience, nothing outstanding.'),
('REN0000039', 9, 'Very satisfied with the rental, would recommend to others.'),
('REN0000040', 8, 'Great service overall, vehicle met expectations.');

-- R_I data

INSERT INTO R_I (RENTAL_ID, INSURANCE_ID) VALUES 
('REN0000001', 'INS0000003'),
('REN0000001', 'INS0000004'),
('REN0000001', 'INS0000010'),
('REN0000001', 'INS0000002'),
('REN0000002', 'INS0000003'),
('REN0000002', 'INS0000004'),
('REN0000002', 'INS0000005'),
('REN0000003', 'INS0000006'),
('REN0000003', 'INS0000007'),
('REN0000003', 'INS0000008'),
('REN0000004', 'INS0000006'),
('REN0000004', 'INS0000007'),
('REN0000004', 'INS0000008'),
('REN0000005', 'INS0000009'),
('REN0000005', 'INS0000010'),
('REN0000005', 'INS0000011'),
('REN0000006', 'INS0000009'),
('REN0000006', 'INS0000010'),
('REN0000006', 'INS0000011'),
('REN0000007', 'INS0000012'),
('REN0000007', 'INS0000001'),
('REN0000007', 'INS0000002'),
('REN0000008', 'INS0000012'),
('REN0000008', 'INS0000001'),
('REN0000008', 'INS0000002'),
('REN0000009', 'INS0000003'),
('REN0000009', 'INS0000004'),
('REN0000009', 'INS0000005'),
('REN0000010', 'INS0000003'),
('REN0000010', 'INS0000004'),
('REN0000010', 'INS0000005'),
('REN0000011', 'INS0000006'),
('REN0000011', 'INS0000007'),
('REN0000011', 'INS0000008'),
('REN0000012', 'INS0000006'),
('REN0000012', 'INS0000007'),
('REN0000012', 'INS0000008'),
('REN0000013', 'INS0000009'),
('REN0000013', 'INS0000010'),
('REN0000013', 'INS0000011'),
('REN0000014', 'INS0000009'),
('REN0000014', 'INS0000010'),
('REN0000014', 'INS0000011'),
('REN0000015', 'INS0000012'),
('REN0000015', 'INS0000001'),
('REN0000015', 'INS0000002'),
('REN0000016', 'INS0000012'),
('REN0000016', 'INS0000001'),
('REN0000016', 'INS0000002'),
('REN0000017', 'INS0000003'),
('REN0000017', 'INS0000004'),
('REN0000017', 'INS0000005'),
('REN0000018', 'INS0000003'),
('REN0000018', 'INS0000004'),
('REN0000018', 'INS0000005'),
('REN0000019', 'INS0000006'),
('REN0000019', 'INS0000007'),
('REN0000019', 'INS0000008'),
('REN0000020', 'INS0000006'),
('REN0000020', 'INS0000007'),
('REN0000020', 'INS0000008'),
('REN0000021', 'INS0000009'),
('REN0000021', 'INS0000010'),
('REN0000021', 'INS0000011'),
('REN0000022', 'INS0000009'),
('REN0000022', 'INS0000010'),
('REN0000022', 'INS0000011'),
('REN0000023', 'INS0000012'),
('REN0000023', 'INS0000001'),
('REN0000023', 'INS0000002'),
('REN0000024', 'INS0000012'),
('REN0000024', 'INS0000001'),
('REN0000024', 'INS0000002'),
('REN0000025', 'INS0000003'),
('REN0000025', 'INS0000004'),
('REN0000025', 'INS0000005'),
('REN0000026', 'INS0000003'),
('REN0000026', 'INS0000004'),
('REN0000026', 'INS0000005'),
('REN0000027', 'INS0000006'),
('REN0000027', 'INS0000007'),
('REN0000027', 'INS0000008'),
('REN0000028', 'INS0000006'),
('REN0000028', 'INS0000007'),
('REN0000028', 'INS0000008'),
('REN0000029', 'INS0000009'),
('REN0000029', 'INS0000010'),
('REN0000029', 'INS0000011'),
('REN0000030', 'INS0000009'),
('REN0000030', 'INS0000010'),
('REN0000030', 'INS0000011'),
('REN0000031', 'INS0000012'),
('REN0000031', 'INS0000001'),
('REN0000031', 'INS0000003'),
('REN0000031', 'INS0000004'),
('REN0000032', 'INS0000012'),
('REN0000032', 'INS0000001'),
('REN0000032', 'INS0000002'),
('REN0000033', 'INS0000003'),
('REN0000033', 'INS0000004'),
('REN0000033', 'INS0000005'),
('REN0000034', 'INS0000003'),
('REN0000034', 'INS0000004'),
('REN0000034', 'INS0000005'),
('REN0000035', 'INS0000006'),
('REN0000035', 'INS0000007'),
('REN0000035', 'INS0000008'),
('REN0000036', 'INS0000006'),
('REN0000036', 'INS0000007'),
('REN0000036', 'INS0000008'),
('REN0000037', 'INS0000009'),
('REN0000037', 'INS0000010'),
('REN0000037', 'INS0000011'),
('REN0000038', 'INS0000002'),
('REN0000038', 'INS0000008'),
('REN0000038', 'INS0000011'),
('REN0000039', 'INS0000011'),
('REN0000039', 'INS0000002'),
('REN0000039', 'INS0000008'),
('REN0000039', 'INS0000010'),
('REN0000040', 'INS0000012'),
('REN0000040', 'INS0000001'),
('REN0000040', 'INS0000005'),
('REN0000040', 'INS0000003');

INSERT INTO R_I (RENTAL_ID, INSURANCE_ID) VALUES 
('REN0000001', 'INS0000011'),
('REN0000001', 'INS0000012');
